Department,Sub Department,Product Name,Price,Coupon Discount,Rating,Review,Link,Image URL,Day Delivered,Date Added
Automotive,Performance Parts & Accessories,Eagle Specialty CRS6125O3DL19 Forged H-Beam Rod,748.,0,,,https://www.amazon.com/Eagle-CRS6125O3DL19-Forged-H-Beam-Rod/dp/B00BZQOPWW/ref=sr_1_1?dib=eyJ2IjoiMSJ9.hPqmHRzCIAfe-txcWOZptMf-NanYERDaJrXh8-SQZ54JtmKwWXvZ0Q1kgZn1rbkNjSXjbriMDp5pwHCwR3EGeEyp5XwPalUvCcbyTt4-3lfeYcXMncpShzwrk0au9HykxeYdX6uEJpxYxY7KwtKvpJq75TF4wKcijB9rgQQ7W3MIPOdPfvdb3OEY2ncBOwalmmKhMTimy-ZiAPsvuaIm4B64ycatZ2ENjGQW7VKOYIWBqfFxmlEjuVk1RTghw0MU7CGO2OUxumcNK-crNt1GwLbTnlSPHoR78S0FpHfGTaI.EzOW__T2sKOLeeZdWbY8C-FGRQKp1m-iVoHw98AqTcY&dib_tag=se&qid=1743787850&s=automotive-intl-ship&sr=1-1,https://m.media-amazon.com/images/I/4122yWU5eaL._AC_UL320_.jpg,,2025-04-05
Automotive,Performance Parts & Accessories,"ARP (490-1601) Fuel Pump Bolt Kit, Stainless Steel",18.,0,,,https://www.amazon.com/ARP-490-1601-Fuel-Stainless-Steel/dp/B00IKAMWR6/ref=sr_1_2?dib=eyJ2IjoiMSJ9.hPqmHRzCIAfe-txcWOZptMf-NanYERDaJrXh8-SQZ54JtmKwWXvZ0Q1kgZn1rbkNjSXjbriMDp5pwHCwR3EGeEyp5XwPalUvCcbyTt4-3lfeYcXMncpShzwrk0au9HykxeYdX6uEJpxYxY7KwtKvpJq75TF4wKcijB9rgQQ7W3MIPOdPfvdb3OEY2ncBOwalmmKhMTimy-ZiAPsvuaIm4B64ycatZ2ENjGQW7VKOYIWBqfFxmlEjuVk1RTghw0MU7CGO2OUxumcNK-crNt1GwLbTnlSPHoR78S0FpHfGTaI.EzOW__T2sKOLeeZdWbY8C-FGRQKp1m-iVoHw98AqTcY&dib_tag=se&qid=1743787850&s=automotive-intl-ship&sr=1-2,https://m.media-amazon.com/images/I/51QVqv4ZFFL._AC_UL320_.jpg,,2025-04-05
Automotive,Performance Parts & Accessories,"ARP (420-1201) Header Bolt Kit, Stainless Steel",48.,0,,,https://www.amazon.com/ARP-420-1201-Header-Stainless-Steel/dp/B00IKAKLAQ/ref=sr_1_3?dib=eyJ2IjoiMSJ9.hPqmHRzCIAfe-txcWOZptMf-NanYERDaJrXh8-SQZ54JtmKwWXvZ0Q1kgZn1rbkNjSXjbriMDp5pwHCwR3EGeEyp5XwPalUvCcbyTt4-3lfeYcXMncpShzwrk0au9HykxeYdX6uEJpxYxY7KwtKvpJq75TF4wKcijB9rgQQ7W3MIPOdPfvdb3OEY2ncBOwalmmKhMTimy-ZiAPsvuaIm4B64ycatZ2ENjGQW7VKOYIWBqfFxmlEjuVk1RTghw0MU7CGO2OUxumcNK-crNt1GwLbTnlSPHoR78S0FpHfGTaI.EzOW__T2sKOLeeZdWbY8C-FGRQKp1m-iVoHw98AqTcY&dib_tag=se&qid=1743787850&s=automotive-intl-ship&sr=1-3,https://m.media-amazon.com/images/I/51-7bSxpjGL._AC_UL320_.jpg,,2025-04-05
Automotive,Performance Parts & Accessories,"ARP (400-0305) Air Cleaner Stud Kit, Stainless Steel",18.,0,,,https://www.amazon.com/ARP-400-0305-Cleaner-Stainless-Steel/dp/B00IKAIXM4/ref=sr_1_4?dib=eyJ2IjoiMSJ9.hPqmHRzCIAfe-txcWOZptMf-NanYERDaJrXh8-SQZ54JtmKwWXvZ0Q1kgZn1rbkNjSXjbriMDp5pwHCwR3EGeEyp5XwPalUvCcbyTt4-3lfeYcXMncpShzwrk0au9HykxeYdX6uEJpxYxY7KwtKvpJq75TF4wKcijB9rgQQ7W3MIPOdPfvdb3OEY2ncBOwalmmKhMTimy-ZiAPsvuaIm4B64ycatZ2ENjGQW7VKOYIWBqfFxmlEjuVk1RTghw0MU7CGO2OUxumcNK-crNt1GwLbTnlSPHoR78S0FpHfGTaI.EzOW__T2sKOLeeZdWbY8C-FGRQKp1m-iVoHw98AqTcY&dib_tag=se&qid=1743787850&s=automotive-intl-ship&sr=1-4,https://m.media-amazon.com/images/I/51KgfBpt3aL._AC_UL320_.jpg,,2025-04-05
Automotive,Performance Parts & Accessories,ARP (120-1101) Header Bolt Kit,36.,0,,,https://www.amazon.com/ARP-120-1101-Header-Bolt-Kit/dp/B00IKAM1RW/ref=sr_1_5?dib=eyJ2IjoiMSJ9.hPqmHRzCIAfe-txcWOZptMf-NanYERDaJrXh8-SQZ54JtmKwWXvZ0Q1kgZn1rbkNjSXjbriMDp5pwHCwR3EGeEyp5XwPalUvCcbyTt4-3lfeYcXMncpShzwrk0au9HykxeYdX6uEJpxYxY7KwtKvpJq75TF4wKcijB9rgQQ7W3MIPOdPfvdb3OEY2ncBOwalmmKhMTimy-ZiAPsvuaIm4B64ycatZ2ENjGQW7VKOYIWBqfFxmlEjuVk1RTghw0MU7CGO2OUxumcNK-crNt1GwLbTnlSPHoR78S0FpHfGTaI.EzOW__T2sKOLeeZdWbY8C-FGRQKp1m-iVoHw98AqTcY&dib_tag=se&qid=1743787850&s=automotive-intl-ship&sr=1-5,https://m.media-amazon.com/images/I/51Hbrhs0i1L._AC_UL320_.jpg,,2025-04-05
Automotive,Performance Parts & Accessories,"ARP (400-0307) Air Cleaner Stud Kit, Stainless Steel",6.,0,,,https://www.amazon.com/ARP-400-0307-Cleaner-Stainless-Steel/dp/B00IKAGA4C/ref=sr_1_6?dib=eyJ2IjoiMSJ9.hPqmHRzCIAfe-txcWOZptMf-NanYERDaJrXh8-SQZ54JtmKwWXvZ0Q1kgZn1rbkNjSXjbriMDp5pwHCwR3EGeEyp5XwPalUvCcbyTt4-3lfeYcXMncpShzwrk0au9HykxeYdX6uEJpxYxY7KwtKvpJq75TF4wKcijB9rgQQ7W3MIPOdPfvdb3OEY2ncBOwalmmKhMTimy-ZiAPsvuaIm4B64ycatZ2ENjGQW7VKOYIWBqfFxmlEjuVk1RTghw0MU7CGO2OUxumcNK-crNt1GwLbTnlSPHoR78S0FpHfGTaI.EzOW__T2sKOLeeZdWbY8C-FGRQKp1m-iVoHw98AqTcY&dib_tag=se&qid=1743787850&s=automotive-intl-ship&sr=1-6,https://m.media-amazon.com/images/I/51l6DEFQBDL._AC_UL320_.jpg,,2025-04-05
Automotive,Performance Parts & Accessories,"ARP (400-1206) Header Bolt Kit, Stainless Steel",52.,0,,,https://www.amazon.com/ARP-400-1206-Header-Stainless-Steel/dp/B00IKAIYEG/ref=sr_1_7?dib=eyJ2IjoiMSJ9.hPqmHRzCIAfe-txcWOZptMf-NanYERDaJrXh8-SQZ54JtmKwWXvZ0Q1kgZn1rbkNjSXjbriMDp5pwHCwR3EGeEyp5XwPalUvCcbyTt4-3lfeYcXMncpShzwrk0au9HykxeYdX6uEJpxYxY7KwtKvpJq75TF4wKcijB9rgQQ7W3MIPOdPfvdb3OEY2ncBOwalmmKhMTimy-ZiAPsvuaIm4B64ycatZ2ENjGQW7VKOYIWBqfFxmlEjuVk1RTghw0MU7CGO2OUxumcNK-crNt1GwLbTnlSPHoR78S0FpHfGTaI.EzOW__T2sKOLeeZdWbY8C-FGRQKp1m-iVoHw98AqTcY&dib_tag=se&qid=1743787850&s=automotive-intl-ship&sr=1-7,https://m.media-amazon.com/images/I/51r1FpRLO0L._AC_UL320_.jpg,,2025-04-05
Automotive,Performance Parts & Accessories,"ARP (400-0304) Air Cleaner Stud Kit, Stainless Steel",18.,0,,,https://www.amazon.com/ARP-400-0304-Cleaner-Stainless-Steel/dp/B00IKAG9WK/ref=sr_1_8?dib=eyJ2IjoiMSJ9.hPqmHRzCIAfe-txcWOZptMf-NanYERDaJrXh8-SQZ54JtmKwWXvZ0Q1kgZn1rbkNjSXjbriMDp5pwHCwR3EGeEyp5XwPalUvCcbyTt4-3lfeYcXMncpShzwrk0au9HykxeYdX6uEJpxYxY7KwtKvpJq75TF4wKcijB9rgQQ7W3MIPOdPfvdb3OEY2ncBOwalmmKhMTimy-ZiAPsvuaIm4B64ycatZ2ENjGQW7VKOYIWBqfFxmlEjuVk1RTghw0MU7CGO2OUxumcNK-crNt1GwLbTnlSPHoR78S0FpHfGTaI.EzOW__T2sKOLeeZdWbY8C-FGRQKp1m-iVoHw98AqTcY&dib_tag=se&qid=1743787850&s=automotive-intl-ship&sr=1-8,https://m.media-amazon.com/images/I/51B-yY-VWSL._AC_UL320_.jpg,,2025-04-05
Automotive,Performance Parts & Accessories,"ARP (490-3302) Alternator Bracket Bolt Kit, Stainless Steel",17.,0,,,https://www.amazon.com/ARP-490-3302-Alternator-Bracket-Stainless/dp/B00IKA8I5Q/ref=sr_1_9?dib=eyJ2IjoiMSJ9.hPqmHRzCIAfe-txcWOZptMf-NanYERDaJrXh8-SQZ54JtmKwWXvZ0Q1kgZn1rbkNjSXjbriMDp5pwHCwR3EGeEyp5XwPalUvCcbyTt4-3lfeYcXMncpShzwrk0au9HykxeYdX6uEJpxYxY7KwtKvpJq75TF4wKcijB9rgQQ7W3MIPOdPfvdb3OEY2ncBOwalmmKhMTimy-ZiAPsvuaIm4B64ycatZ2ENjGQW7VKOYIWBqfFxmlEjuVk1RTghw0MU7CGO2OUxumcNK-crNt1GwLbTnlSPHoR78S0FpHfGTaI.EzOW__T2sKOLeeZdWbY8C-FGRQKp1m-iVoHw98AqTcY&dib_tag=se&qid=1743787850&s=automotive-intl-ship&sr=1-9,https://m.media-amazon.com/images/I/51fhc3m2+5L._AC_UL320_.jpg,,2025-04-05
Automotive,Performance Parts & Accessories,TRANS DAPTTrans-Dapt 2296 Air Cleaner Base,65.,0,,,https://www.amazon.com/Trans-Dapt-2296-Air-Cleaner-Base/dp/B00M7ZPQ7S/ref=sr_1_10?dib=eyJ2IjoiMSJ9.hPqmHRzCIAfe-txcWOZptMf-NanYERDaJrXh8-SQZ54JtmKwWXvZ0Q1kgZn1rbkNjSXjbriMDp5pwHCwR3EGeEyp5XwPalUvCcbyTt4-3lfeYcXMncpShzwrk0au9HykxeYdX6uEJpxYxY7KwtKvpJq75TF4wKcijB9rgQQ7W3MIPOdPfvdb3OEY2ncBOwalmmKhMTimy-ZiAPsvuaIm4B64ycatZ2ENjGQW7VKOYIWBqfFxmlEjuVk1RTghw0MU7CGO2OUxumcNK-crNt1GwLbTnlSPHoR78S0FpHfGTaI.EzOW__T2sKOLeeZdWbY8C-FGRQKp1m-iVoHw98AqTcY&dib_tag=se&qid=1743787850&s=automotive-intl-ship&sr=1-10,https://m.media-amazon.com/images/I/71Qb3ed4ZfL._AC_UL320_.jpg,,2025-04-05
Automotive,Performance Parts & Accessories,8678 Engine Valve Cover,105.,0,,,https://www.amazon.com/Trans-Dapt-8678-Engine-Valve-Cover/dp/B00M7ZSBFW/ref=sr_1_11?dib=eyJ2IjoiMSJ9.hPqmHRzCIAfe-txcWOZptMf-NanYERDaJrXh8-SQZ54JtmKwWXvZ0Q1kgZn1rbkNjSXjbriMDp5pwHCwR3EGeEyp5XwPalUvCcbyTt4-3lfeYcXMncpShzwrk0au9HykxeYdX6uEJpxYxY7KwtKvpJq75TF4wKcijB9rgQQ7W3MIPOdPfvdb3OEY2ncBOwalmmKhMTimy-ZiAPsvuaIm4B64ycatZ2ENjGQW7VKOYIWBqfFxmlEjuVk1RTghw0MU7CGO2OUxumcNK-crNt1GwLbTnlSPHoR78S0FpHfGTaI.EzOW__T2sKOLeeZdWbY8C-FGRQKp1m-iVoHw98AqTcY&dib_tag=se&qid=1743787850&s=automotive-intl-ship&sr=1-11,https://m.media-amazon.com/images/I/71Gu1aU32GL._AC_UL320_.jpg,,2025-04-05
Automotive,Performance Parts & Accessories,8667 Air Cleaner,47.,0,,,https://www.amazon.com/Trans-Dapt-8667-Air-Cleaner/dp/B00M7ZQ0KU/ref=sr_1_12?dib=eyJ2IjoiMSJ9.hPqmHRzCIAfe-txcWOZptMf-NanYERDaJrXh8-SQZ54JtmKwWXvZ0Q1kgZn1rbkNjSXjbriMDp5pwHCwR3EGeEyp5XwPalUvCcbyTt4-3lfeYcXMncpShzwrk0au9HykxeYdX6uEJpxYxY7KwtKvpJq75TF4wKcijB9rgQQ7W3MIPOdPfvdb3OEY2ncBOwalmmKhMTimy-ZiAPsvuaIm4B64ycatZ2ENjGQW7VKOYIWBqfFxmlEjuVk1RTghw0MU7CGO2OUxumcNK-crNt1GwLbTnlSPHoR78S0FpHfGTaI.EzOW__T2sKOLeeZdWbY8C-FGRQKp1m-iVoHw98AqTcY&dib_tag=se&qid=1743787850&s=automotive-intl-ship&sr=1-12,https://m.media-amazon.com/images/I/71N8aOepSAL._AC_UL320_.jpg,,2025-04-05
Automotive,Performance Parts & Accessories,8679 Engine Valve Cover,103.,0,,,https://www.amazon.com/Trans-Dapt-8679-Engine-Valve-Cover/dp/B00M7ZQF6O/ref=sr_1_13?dib=eyJ2IjoiMSJ9.hPqmHRzCIAfe-txcWOZptMf-NanYERDaJrXh8-SQZ54JtmKwWXvZ0Q1kgZn1rbkNjSXjbriMDp5pwHCwR3EGeEyp5XwPalUvCcbyTt4-3lfeYcXMncpShzwrk0au9HykxeYdX6uEJpxYxY7KwtKvpJq75TF4wKcijB9rgQQ7W3MIPOdPfvdb3OEY2ncBOwalmmKhMTimy-ZiAPsvuaIm4B64ycatZ2ENjGQW7VKOYIWBqfFxmlEjuVk1RTghw0MU7CGO2OUxumcNK-crNt1GwLbTnlSPHoR78S0FpHfGTaI.EzOW__T2sKOLeeZdWbY8C-FGRQKp1m-iVoHw98AqTcY&dib_tag=se&qid=1743787850&s=automotive-intl-ship&sr=1-13,https://m.media-amazon.com/images/I/61YSpaPU58L._AC_UL320_.jpg,,2025-04-05
Automotive,Performance Parts & Accessories,Sachs Clutch Kit,427.,0,,,https://www.amazon.com/Sachs-K0073-01-Clutch-Kit/dp/B00CFQQKUG/ref=sr_1_14?dib=eyJ2IjoiMSJ9.hPqmHRzCIAfe-txcWOZptMf-NanYERDaJrXh8-SQZ54JtmKwWXvZ0Q1kgZn1rbkNjSXjbriMDp5pwHCwR3EGeEyp5XwPalUvCcbyTt4-3lfeYcXMncpShzwrk0au9HykxeYdX6uEJpxYxY7KwtKvpJq75TF4wKcijB9rgQQ7W3MIPOdPfvdb3OEY2ncBOwalmmKhMTimy-ZiAPsvuaIm4B64ycatZ2ENjGQW7VKOYIWBqfFxmlEjuVk1RTghw0MU7CGO2OUxumcNK-crNt1GwLbTnlSPHoR78S0FpHfGTaI.EzOW__T2sKOLeeZdWbY8C-FGRQKp1m-iVoHw98AqTcY&dib_tag=se&qid=1743787850&s=automotive-intl-ship&sr=1-14,https://m.media-amazon.com/images/I/41G+Q5vtPXL._AC_UL320_.jpg,,2025-04-05
Automotive,Performance Parts & Accessories,Sachs KF612-02 Clutch Kit,304.,0,,,https://www.amazon.com/Sachs-KF612-02-Clutch-Kit/dp/B00CFQRREE/ref=sr_1_15?dib=eyJ2IjoiMSJ9.hPqmHRzCIAfe-txcWOZptMf-NanYERDaJrXh8-SQZ54JtmKwWXvZ0Q1kgZn1rbkNjSXjbriMDp5pwHCwR3EGeEyp5XwPalUvCcbyTt4-3lfeYcXMncpShzwrk0au9HykxeYdX6uEJpxYxY7KwtKvpJq75TF4wKcijB9rgQQ7W3MIPOdPfvdb3OEY2ncBOwalmmKhMTimy-ZiAPsvuaIm4B64ycatZ2ENjGQW7VKOYIWBqfFxmlEjuVk1RTghw0MU7CGO2OUxumcNK-crNt1GwLbTnlSPHoR78S0FpHfGTaI.EzOW__T2sKOLeeZdWbY8C-FGRQKp1m-iVoHw98AqTcY&dib_tag=se&qid=1743787850&s=automotive-intl-ship&sr=1-15,https://m.media-amazon.com/images/I/41hkwFNthnL._AC_UL320_.jpg,,2025-04-05
Automotive,Performance Parts & Accessories,Sachs KF640-04 Clutch Kit,312.,0,,,https://www.amazon.com/Sachs-KF640-04-Clutch-Kit/dp/B00CFQRJHE/ref=sr_1_16?dib=eyJ2IjoiMSJ9.hPqmHRzCIAfe-txcWOZptMf-NanYERDaJrXh8-SQZ54JtmKwWXvZ0Q1kgZn1rbkNjSXjbriMDp5pwHCwR3EGeEyp5XwPalUvCcbyTt4-3lfeYcXMncpShzwrk0au9HykxeYdX6uEJpxYxY7KwtKvpJq75TF4wKcijB9rgQQ7W3MIPOdPfvdb3OEY2ncBOwalmmKhMTimy-ZiAPsvuaIm4B64ycatZ2ENjGQW7VKOYIWBqfFxmlEjuVk1RTghw0MU7CGO2OUxumcNK-crNt1GwLbTnlSPHoR78S0FpHfGTaI.EzOW__T2sKOLeeZdWbY8C-FGRQKp1m-iVoHw98AqTcY&dib_tag=se&qid=1743787850&s=automotive-intl-ship&sr=1-16,https://m.media-amazon.com/images/I/41DoOLH3EZL._AC_UL320_.jpg,,2025-04-05
Automotive,Performance Parts & Accessories,"WEIZE Front or Rear Carbon Fiber Ceramic Brake Pads, D1565 Truck and Tow Brake Pads Set with Hardware, Fit for Chevy GMC Silverado 2500/3500 Sierra Suburban, NV2500/3500 Titan XD",39.,0,4.6,647.0,https://www.amazon.com/WEIZE-Ceramic-Hardware-Silverado-Suburban/dp/B0CCRDGRR2/ref=sr_1_17?dib=eyJ2IjoiMSJ9.hPqmHRzCIAfe-txcWOZptMf-NanYERDaJrXh8-SQZ54JtmKwWXvZ0Q1kgZn1rbkNjSXjbriMDp5pwHCwR3EGeEyp5XwPalUvCcbyTt4-3lfeYcXMncpShzwrk0au9HykxeYdX6uEJpxYxY7KwtKvpJq75TF4wKcijB9rgQQ7W3MIPOdPfvdb3OEY2ncBOwalmmKhMTimy-ZiAPsvuaIm4B64ycatZ2ENjGQW7VKOYIWBqfFxmlEjuVk1RTghw0MU7CGO2OUxumcNK-crNt1GwLbTnlSPHoR78S0FpHfGTaI.EzOW__T2sKOLeeZdWbY8C-FGRQKp1m-iVoHw98AqTcY&dib_tag=se&qid=1743787850&s=automotive-intl-ship&sr=1-17,https://m.media-amazon.com/images/I/81pt-cSv7XL._AC_UL320_.jpg,ngày giao chính xác: May 6,2025-04-05
Automotive,Performance Parts & Accessories,A-Premium High Heat Spark Plug Ignition Wires Set of 8 Compatible with Chevrolet Chevy GMC Silverado Suburban Sierra Tahoe Yukon - V8 Engine,25.,0,4.4,822.0,https://www.amazon.com/Premium-Ignition-Compatible-Chevrolet-Silverado/dp/B0B6PPFJB9/ref=sr_1_18?dib=eyJ2IjoiMSJ9.hPqmHRzCIAfe-txcWOZptMf-NanYERDaJrXh8-SQZ54JtmKwWXvZ0Q1kgZn1rbkNjSXjbriMDp5pwHCwR3EGeEyp5XwPalUvCcbyTt4-3lfeYcXMncpShzwrk0au9HykxeYdX6uEJpxYxY7KwtKvpJq75TF4wKcijB9rgQQ7W3MIPOdPfvdb3OEY2ncBOwalmmKhMTimy-ZiAPsvuaIm4B64ycatZ2ENjGQW7VKOYIWBqfFxmlEjuVk1RTghw0MU7CGO2OUxumcNK-crNt1GwLbTnlSPHoR78S0FpHfGTaI.EzOW__T2sKOLeeZdWbY8C-FGRQKp1m-iVoHw98AqTcY&dib_tag=se&qid=1743787850&s=automotive-intl-ship&sr=1-18,https://m.media-amazon.com/images/I/710VADRNG-L._AC_UL320_.jpg,ngày giao chính xác: May 6,2025-04-05
Automotive,Performance Parts & Accessories,Sachs Clutch Kit,"1,273.",0,,,https://www.amazon.com/Sachs-K31981-01-Clutch-Kit/dp/B00CFQRQ2W/ref=sr_1_19?dib=eyJ2IjoiMSJ9.hPqmHRzCIAfe-txcWOZptMf-NanYERDaJrXh8-SQZ54JtmKwWXvZ0Q1kgZn1rbkNjSXjbriMDp5pwHCwR3EGeEyp5XwPalUvCcbyTt4-3lfeYcXMncpShzwrk0au9HykxeYdX6uEJpxYxY7KwtKvpJq75TF4wKcijB9rgQQ7W3MIPOdPfvdb3OEY2ncBOwalmmKhMTimy-ZiAPsvuaIm4B64ycatZ2ENjGQW7VKOYIWBqfFxmlEjuVk1RTghw0MU7CGO2OUxumcNK-crNt1GwLbTnlSPHoR78S0FpHfGTaI.EzOW__T2sKOLeeZdWbY8C-FGRQKp1m-iVoHw98AqTcY&dib_tag=se&qid=1743787850&s=automotive-intl-ship&sr=1-19,https://m.media-amazon.com/images/I/41kd8-s+bTL._AC_UL320_.jpg,,2025-04-05
Automotive,Performance Parts & Accessories,Sachs KF605-01 Clutch Kit,147.,0,,,https://www.amazon.com/Sachs-KF605-01-Clutch-Kit/dp/B00CFQRU64/ref=sr_1_20?dib=eyJ2IjoiMSJ9.hPqmHRzCIAfe-txcWOZptMf-NanYERDaJrXh8-SQZ54JtmKwWXvZ0Q1kgZn1rbkNjSXjbriMDp5pwHCwR3EGeEyp5XwPalUvCcbyTt4-3lfeYcXMncpShzwrk0au9HykxeYdX6uEJpxYxY7KwtKvpJq75TF4wKcijB9rgQQ7W3MIPOdPfvdb3OEY2ncBOwalmmKhMTimy-ZiAPsvuaIm4B64ycatZ2ENjGQW7VKOYIWBqfFxmlEjuVk1RTghw0MU7CGO2OUxumcNK-crNt1GwLbTnlSPHoR78S0FpHfGTaI.EzOW__T2sKOLeeZdWbY8C-FGRQKp1m-iVoHw98AqTcY&dib_tag=se&qid=1743787850&s=automotive-intl-ship&sr=1-20,https://m.media-amazon.com/images/I/51kwWGg+NJL._AC_UL320_.jpg,,2025-04-05
Automotive,Performance Parts & Accessories,SPAL Electric Fan Pigtail Harness,12.,0,4.2,39.0,https://www.amazon.com/SPAL-Electric-Fan-Pigtail-Harness/dp/B08D6V6WY4/ref=sr_1_21?dib=eyJ2IjoiMSJ9.hPqmHRzCIAfe-txcWOZptMf-NanYERDaJrXh8-SQZ54JtmKwWXvZ0Q1kgZn1rbkNjSXjbriMDp5pwHCwR3EGeEyp5XwPalUvCcbyTt4-3lfeYcXMncpShzwrk0au9HykxeYdX6uEJpxYxY7KwtKvpJq75TF4wKcijB9rgQQ7W3MIPOdPfvdb3OEY2ncBOwalmmKhMTimy-ZiAPsvuaIm4B64ycatZ2ENjGQW7VKOYIWBqfFxmlEjuVk1RTghw0MU7CGO2OUxumcNK-crNt1GwLbTnlSPHoR78S0FpHfGTaI.EzOW__T2sKOLeeZdWbY8C-FGRQKp1m-iVoHw98AqTcY&dib_tag=se&qid=1743787850&s=automotive-intl-ship&sr=1-21,https://m.media-amazon.com/images/I/6122XkawHBL._AC_UL320_.jpg,ngày giao chính xác: May 6,2025-04-05
Automotive,Performance Parts & Accessories,ARP Oil Pan Bolt Kit 6pt SS SBM & Pontiac V8,55.,0,,,https://www.amazon.com/Oil-Pan-Bolt-Kit-Pontiac/dp/B00IKANLDU/ref=sr_1_22?dib=eyJ2IjoiMSJ9.hPqmHRzCIAfe-txcWOZptMf-NanYERDaJrXh8-SQZ54JtmKwWXvZ0Q1kgZn1rbkNjSXjbriMDp5pwHCwR3EGeEyp5XwPalUvCcbyTt4-3lfeYcXMncpShzwrk0au9HykxeYdX6uEJpxYxY7KwtKvpJq75TF4wKcijB9rgQQ7W3MIPOdPfvdb3OEY2ncBOwalmmKhMTimy-ZiAPsvuaIm4B64ycatZ2ENjGQW7VKOYIWBqfFxmlEjuVk1RTghw0MU7CGO2OUxumcNK-crNt1GwLbTnlSPHoR78S0FpHfGTaI.EzOW__T2sKOLeeZdWbY8C-FGRQKp1m-iVoHw98AqTcY&dib_tag=se&qid=1743787850&s=automotive-intl-ship&sr=1-22,https://m.media-amazon.com/images/I/619gnb2gmLL._AC_UL320_.jpg,ngày giao chính xác: May 9,2025-04-05
Automotive,Performance Parts & Accessories,"Power Stop Rear Left L6128 One Stock Replacement Brake Caliper For Pontiac Vibe 2009-2010, Toyota Matrix 2009-2013 [Model Specific]",158.,0,,,https://www.amazon.com/Power-L6128-Autospecialty-Remanufactured-Calipers/dp/B07PRS626P/ref=sr_1_23?dib=eyJ2IjoiMSJ9.hPqmHRzCIAfe-txcWOZptMf-NanYERDaJrXh8-SQZ54JtmKwWXvZ0Q1kgZn1rbkNjSXjbriMDp5pwHCwR3EGeEyp5XwPalUvCcbyTt4-3lfeYcXMncpShzwrk0au9HykxeYdX6uEJpxYxY7KwtKvpJq75TF4wKcijB9rgQQ7W3MIPOdPfvdb3OEY2ncBOwalmmKhMTimy-ZiAPsvuaIm4B64ycatZ2ENjGQW7VKOYIWBqfFxmlEjuVk1RTghw0MU7CGO2OUxumcNK-crNt1GwLbTnlSPHoR78S0FpHfGTaI.EzOW__T2sKOLeeZdWbY8C-FGRQKp1m-iVoHw98AqTcY&dib_tag=se&qid=1743787850&s=automotive-intl-ship&sr=1-23,https://m.media-amazon.com/images/I/81vnER1KVYL._AC_UL320_.jpg,,2025-04-05
Automotive,Performance Parts & Accessories,"Power Stop Rear Right L6129 One Stock Replacement Brake Caliper For Pontiac Vibe 2009-2010, Toyota Matrix 2009-2013 [Model Specific]",170.,0,,,https://www.amazon.com/Power-L6129-Autospecialty-Remanufactured-Calipers/dp/B07PRS817G/ref=sr_1_24?dib=eyJ2IjoiMSJ9.hPqmHRzCIAfe-txcWOZptMf-NanYERDaJrXh8-SQZ54JtmKwWXvZ0Q1kgZn1rbkNjSXjbriMDp5pwHCwR3EGeEyp5XwPalUvCcbyTt4-3lfeYcXMncpShzwrk0au9HykxeYdX6uEJpxYxY7KwtKvpJq75TF4wKcijB9rgQQ7W3MIPOdPfvdb3OEY2ncBOwalmmKhMTimy-ZiAPsvuaIm4B64ycatZ2ENjGQW7VKOYIWBqfFxmlEjuVk1RTghw0MU7CGO2OUxumcNK-crNt1GwLbTnlSPHoR78S0FpHfGTaI.EzOW__T2sKOLeeZdWbY8C-FGRQKp1m-iVoHw98AqTcY&dib_tag=se&qid=1743787850&s=automotive-intl-ship&sr=1-24,https://m.media-amazon.com/images/I/81vnER1KVYL._AC_UL320_.jpg,,2025-04-05
